{"cameraMode":{"drawMode":0,"name":"Shaded","section":"Shading Mode"},"sceneLighting":false,"audioPlay":false,"sceneViewState":{"showFog":true,"showMaterialUpdate":true,"showSkybox":false,"showFlares":true,"showImageEffects":true,"showParticleSystems":true},"in2DMode":false,"pivot":{"x":-0.6560446619987488,"y":-0.05862600356340408,"z":-0.36779844760894778},"rotation":{"x":0.00025006025680340827,"y":-0.6040682792663574,"z":0.00019019670435227454,"w":0.796932578086853},"size":1.5417441129684449,"orthographic":false}