{"cameraMode":{"drawMode":0,"name":"Shaded","section":"Shading Mode"},"sceneLighting":true,"audioPlay":false,"sceneViewState":{"showFog":true,"showMaterialUpdate":true,"showSkybox":true,"showFlares":true,"showImageEffects":true,"showParticleSystems":true},"in2DMode":false,"pivot":{"x":-11.982067108154297,"y":-3.4290926456451418,"z":10.30076789855957},"rotation":{"x":0.2112390547990799,"y":0.6960082054138184,"z":-0.6476198434829712,"w":0.2270226627588272},"size":4.041658401489258,"orthographic":false}